Workbook
Name mu: IF(ISERROR(VLOOKUP(#REF!,#REF!,2,0)),"yok",IF(VLOOKUP(#REF!,#REF!,2,0)="","var",VLOOKUP(#REF!,#REF!,2,0)))
Name penye: IF(ISERROR(VLOOKUP([2]ulkuadet!XFD1,[2]ulkuadet!$J$1:$J$2,1,0)),"",LEFT([2]ulkuadet!XFB1,15)&VLOOKUP(RIGHT([2]ulkuadet!XFB1,5),[2]ulkuadet!$K$1:$L$5,2,0))

Sheet Sayfa1
A1: Marka | B1: BrandId | C1: Ürün Gurbu | D1: SubCategoryId | E1: RangeTag | F1: Range | G1: ExtFldId | H1: Range Detayı | I1: DropDownValue | J1: CUD5Id | K1: Option Say | L1: SeasonId | M1: FreeFieldThree | N1: Alt_Sezon | O1: Life Style Grup
A2: Twist | B2: 8 | C2: CEKET | D2: =VLOOKUP(C2,Sayfa2!Q:R,2,0) -> 19 | E2: Range1 | F2: Detay | G2: a8af8331-0c65-49e1-94aa-e2abac635749 | H2: Aksesuar | I2: 144 | J2: 1 | K2: 6 | L2: 11 | M2: PLAN | N2: SS1 | O2: Tema
A3: Twist | B3: 8 | C3: CEKET | D3: =VLOOKUP(C3,Sayfa2!Q:R,2,0) -> 19 | E3: Range1 | F3: Detay | G3: a8af8331-0c65-49e1-94aa-e2abac635749 | H3: Aplikeli | I3: 817 | J3: 1 | K3: 1 | L3: 11 | M3: PLAN | N3: SS1 | O3: Tema
A4: Twist | B4: 8 | C4: CEKET | D4: =VLOOKUP(C4,Sayfa2!Q:R,2,0) -> 19 | E4: Range1 | F4: Detay | G4: a8af8331-0c65-49e1-94aa-e2abac635749 | H4: İşleme Detaylı | I4: 150 | J4: 1 | K4: 2 | L4: 11 | M4: PLAN | N4: SS1 | O4: Tema
A5: Twist | B5: 8 | C5: CEKET | D5: =VLOOKUP(C5,Sayfa2!Q:R,2,0) -> 19 | E5: Range1 | F5: Detay | G5: a8af8331-0c65-49e1-94aa-e2abac635749 | H5: Kumaş Mixli | I5: 145 | J5: 1 | K5: 6 | L5: 11 | M5: PLAN | N5: SS1 | O5: Tema
A6: Twist | B6: 8 | C6: CEKET | D6: =VLOOKUP(C6,Sayfa2!Q:R,2,0) -> 19 | E6: Range1 | F6: Detay | G6: a8af8331-0c65-49e1-94aa-e2abac635749 | H6: Nakış Detaylı | I6: 146 | J6: 1 | K6: 1 | L6: 11 | M6: PLAN | N6: SS1 | O6: Tema
A7: Twist | B7: 8 | C7: CEKET | D7: =VLOOKUP(C7,Sayfa2!Q:R,2,0) -> 19 | E7: Range2 | F7: Boy | G7: b37df9ef-7877-4f8a-b850-b5335cc790db | H7: Crop | I7: 23 | J7: 1 | K7: 0 | L7: 11 | M7: PLAN | N7: SS1 | O7: Tema
A8: Twist | B8: 8 | C8: CEKET | D8: =VLOOKUP(C8,Sayfa2!Q:R,2,0) -> 19 | E8: Range2 | F8: Boy | G8: b37df9ef-7877-4f8a-b850-b5335cc790db | H8: Kısa | I8: 19 | J8: 1 | K8: 5 | L8: 11 | M8: PLAN | N8: SS1 | O8: Tema
A9: Twist | B9: 8 | C9: CEKET | D9: =VLOOKUP(C9,Sayfa2!Q:R,2,0) -> 19 | E9: Range2 | F9: Boy | G9: b37df9ef-7877-4f8a-b850-b5335cc790db | H9: Kalça Boy | I9: 795 | J9: 1 | K9: 9 | L9: 11 | M9: PLAN | N9: SS1 | O9: Tema
A10: Twist | B10: 8 | C10: CEKET | D10: =VLOOKUP(C10,Sayfa2!Q:R,2,0) -> 19 | E10: Range2 | F10: Boy | G10: b37df9ef-7877-4f8a-b850-b5335cc790db | H10: Kalça Altı | I10: 794 | J10: 1 | K10: 2 | L10: 11 | M10: PLAN | N10: SS1 | O10: Tema
A11: Twist | B11: 8 | C11: CEKET | D11: =VLOOKUP(C11,Sayfa2!Q:R,2,0) -> 19 | E11: Range3 | F11: Fit | G11: 0e41ca5e-d812-47e5-8b5b-3e018294683b | H11: Crop | I11: 23 | J11: 1 | K11: 0 | L11: 11 | M11: PLAN | N11: SS1 | O11: Tema
A12: Twist | B12: 8 | C12: CEKET | D12: =VLOOKUP(C12,Sayfa2!Q:R,2,0) -> 19 | E12: Range3 | F12: Fit | G12: 0e41ca5e-d812-47e5-8b5b-3e018294683b | H12: Oversize | I12: 74 | J12: 1 | K12: 5 | L12: 11 | M12: PLAN | N12: SS1 | O12: Tema
A13: Twist | B13: 8 | C13: CEKET | D13: =VLOOKUP(C13,Sayfa2!Q:R,2,0) -> 19 | E13: Range3 | F13: Fit | G13: 0e41ca5e-d812-47e5-8b5b-3e018294683b | H13: Rahat Kesim | I13: 89 | J13: 1 | K13: 8 | L13: 11 | M13: PLAN | N13: SS1 | O13: Tema
... A267: Ipekyol | B267: 4 | C267: MONT | D267: =VLOOKUP(C267,Sayfa2!Q:R,2,0) -> 17 | E267: Range2 | F267: KUMAŞ TİPİ | G267: cc4fdbe7-c46e-41e7-8047-29793bccfdd0 | H267: PU Deri-Süet | I267: 57 | J267: 1 | K267: 4 | L267: 11 | M267: PLAN | N267: SS1 | O267: Tema

Sheet Sayfa2
G1: a | H1: b | I1: c | J1: d | O1: Column1.Code | P1: Sütun1 | Q1: Column1.Name | R1: Column1.GlValId
A2: Range | B2: ExtFldId | G2: 0e41ca5e-d812-47e5-8b5b-3e018294683b | H2: Straight | I2: 3 | J2: 001 | O2: 050 | P2: ATLET | Q2: ATLET | R2: 51
A3: Yaka | B3: 38ba7340-72b8-434b-a246-def36b7db42a | G3: 0e41ca5e-d812-47e5-8b5b-3e018294683b | H3: Flare | I3: 4 | J3: 005 | O3: 007 | P3: AYAKK | Q3: AYAKKABI | R3: 8
A4: Boy | B4: b37df9ef-7877-4f8a-b850-b5335cc790db | G4: 0e41ca5e-d812-47e5-8b5b-3e018294683b | H4: Drapey | I4: 69 | J4: 003 | O4: 033 | P4: BIKIN | Q4: BIKINI ALT | R4: 34
A5: Kumaş Tipi | B5: cc4fdbe7-c46e-41e7-8047-29793bccfdd0 | G5: 0e41ca5e-d812-47e5-8b5b-3e018294683b | H5: Cigarette | I5: 70 | J5: 004 | O5: 032 | P5: BIKIN | Q5: BIKINI TAKIM | R5: 33
A6: Kol Boyu | B6: c075b044-335f-4129-a5e7-c51745591e25 | G6: 0e41ca5e-d812-47e5-8b5b-3e018294683b | H6: Skinny | I6: 71 | J6: 006 | O6: 034 | P6: BIKIN | Q6: BIKINI UST | R6: 35
A7: Fit | B7: 0e41ca5e-d812-47e5-8b5b-3e018294683b | G7: 0e41ca5e-d812-47e5-8b5b-3e018294683b | H7: Relax Fit | I7: 72 | J7: 008 | O7: 020 | P7: BLUZ | Q7: BLUZ | R7: 21
A8: Bel | B8: e8b38ebc-0c41-4bdf-b228-f3ba7d136dd0 | G8: 0e41ca5e-d812-47e5-8b5b-3e018294683b | H8: Dar Kesim | I8: 73 | J8: 016 | O8: 008 | P8: BOT-C | Q8: BOT-CIZME | R8: 9
A9: Detay | B9: a8af8331-0c65-49e1-94aa-e2abac635749 | G9: 0e41ca5e-d812-47e5-8b5b-3e018294683b | H9: Oversize | I9: 74 | J9: 017 | O9: 045 | P9: BUSTI | Q9: BUSTIYER | R9: 46
G10: 0e41ca5e-d812-47e5-8b5b-3e018294683b | H10: Regular | I10: 75 | J10: 018 | O10: 040 | P10: CANTA | Q10: CANTA | R10: 41
G11: 0e41ca5e-d812-47e5-8b5b-3e018294683b | H11: Mom Fit | I11: 76 | J11: 028 | O11: 018 | P11: CEKET | Q11: CEKET | R11: 19
G12: 0e41ca5e-d812-47e5-8b5b-3e018294683b | H12: Wide Leg | I12: 77 | J12: 033 | O12: 030 | P12: CUBUK | Q12: CUBUKLU ODA KOKUSU | R12: 31
G13: 0e41ca5e-d812-47e5-8b5b-3e018294683b | H13: Slouchy Fit | I13: 78 | J13: 036 | O13: 001 | P13: DEKOR | Q13: DEKORASYON AKSESUARLAR | R13: 2
G14: 0e41ca5e-d812-47e5-8b5b-3e018294683b | H14: Palazzo | I14: 79 | J14: 037 | O14: 002 | P14: DERI | Q14: DERI AKSESUARLAR | R14: 3
G15: 0e41ca5e-d812-47e5-8b5b-3e018294683b | H15: Jogger | I15: 80 | J15: 038 | O15: 003 | P15: DIGER | Q15: DIGER AKSESUARLAR | R15: 4
G16: 0e41ca5e-d812-47e5-8b5b-3e018294683b | H16: A Kesim | I16: 81 | J16: 039 | O16: 014 | P16: DIGER | Q16: DIGER DIS GIYIM | R16: 15
G17: 0e41ca5e-d812-47e5-8b5b-3e018294683b | H17: Anvelop | I17: 82 | J17: 040 | O17: 043 | P17: DUDAK | Q17: DUDAK KREMI | R17: 44
G18: 0e41ca5e-d812-47e5-8b5b-3e018294683b | H18: Balloon Fit | I18: 83 | J18: 041 | O18: 036 | P18: EL KR | Q18: EL KREMI | R18: 37
G19: 0e41ca5e-d812-47e5-8b5b-3e018294683b | H19: Chino | I19: 84 | J19: 042 | O19: 027 | P19: EL&VU | Q19: EL&VUCUT LOSYONU | R19: 28
G20: 0e41ca5e-d812-47e5-8b5b-3e018294683b | H20: Crop | I20: 85 | J20: 043 | O20: 019 | P20: ELBIS | Q20: ELBISE | R20: 20
G21: 0e41ca5e-d812-47e5-8b5b-3e018294683b | H21: Kalem | I21: 86 | J21: 044 | O21: 039 | P21: ESARP | Q21: ESARP | R21: 40
... G52: 38ba7340-72b8-434b-a246-def36b7db42a | H52: Yaka Detaysız | I52: 103 | J52: 005 | O52: 049 | P52: YELEK | Q52: YELEK | R52: 50
G53: 38ba7340-72b8-434b-a246-def36b7db42a | H53: Asimetrik Yaka | I53: 104 | J53: 006
G54: 38ba7340-72b8-434b-a246-def36b7db42a | H54: Bağcık Yaka | I54: 105 | J54: 007
G55: 38ba7340-72b8-434b-a246-def36b7db42a | H55: Bebe Yaka | I55: 106 | J55: 008
G56: 38ba7340-72b8-434b-a246-def36b7db42a | H56: Çapraz Yaka | I56: 107 | J56: 009
G57: 38ba7340-72b8-434b-a246-def36b7db42a | H57: Devrik Yaka | I57: 108 | J57: 010
G58: 38ba7340-72b8-434b-a246-def36b7db42a | H58: Dik Yaka | I58: 109 | J58: 011
G59: 38ba7340-72b8-434b-a246-def36b7db42a | H59: Gömlek Yaka | I59: 110 | J59: 012
G60: 38ba7340-72b8-434b-a246-def36b7db42a | H60: Hakim Yaka | I60: 111 | J60: 013
G61: 38ba7340-72b8-434b-a246-def36b7db42a | H61: Halter Yaka | I61: 112 | J61: 014
G62: 38ba7340-72b8-434b-a246-def36b7db42a | H62: Kalp Yaka | I62: 113 | J62: 015
G63: 38ba7340-72b8-434b-a246-def36b7db42a | H63: Kapüşonlu | I63: 114 | J63: 016
G64: 38ba7340-72b8-434b-a246-def36b7db42a | H64: Kare Yaka | I64: 115 | J64: 017
... G180: e8b38ebc-0c41-4bdf-b228-f3ba7d136dd0 | H180: Süper Yüksek Bel | I180: 810 | J180: 008
